; halogeno
; veneciano
; techo
; pata
; carisimo
; cenicero
; ebano
; revistero
; pletina
; sintonizador
; bafle
; palisandro
; superplano
; parpadeante
; cuero
; sillón
; contrachapado
; moldeado
; caoba
; bata
; mear
; enmarcar
; retrete
; deslizar
; estiramiento
; cromo
; lavabo
; cromo
; jabonera
; pulir
; encargar
; antiplaca
; enjuagarse
; cepillo
; hilo dental
; uña
; limpiadora
; dilatadora
; poro
; abrillantador
; cerdo
; interdental
; masajear
; encía
; esponjita
; renovadora
; latón
; terminación
; esmalte
; almendra
; exfoliador
; escama
; contaminante
; cuero cabelludo
; acondicionador
; revitalizante
; polisorbate
; hidratos de carbono
; penetrar
; enriquecedor
; toallita
; ablandar
; hidratante
; brocha
; afeitado
; evaporarse
; humedecer
; patilla
; barbilla
; enjuagar
; suprimir
; rastro
; colonia
; reseco
; tonificante
; antibacteriano
; normalizar
; emoliente
; sedante
; escamoso
; escamita
; bronceado
; bálsamo
; anti-edad
; ahuecar
; pegajoso
; firmeza
; cerda
; peine
; zapatilla
; lunar 
; patilla
; lectora laser
; pedecer
; distorsión
; particula
; ejemplar
; vitaminico
; potasio
; criada
; poner en marcha
; peramanzana
; bollo
; salvado
; avena
; estante
; grisaceo
; microondas
; tazón